电影名字,电影链接,评分,评分人数,导演,主演,年份,国家,类型,一句话评价
肖申克的救赎/TheShawshankRedemption/月黑高飞(港)/刺激1995(台),https://movie.douban.com/subject/1292052/,9.7,3059607,导演: 弗兰克·德拉邦特 Frank Darabont,主演: 蒂姆·罗宾斯 Tim Robbins /...,1994,美国,犯罪剧情,希望让人自由。
霸王别姬/再见，我的妾/FarewellMyConcubine,https://movie.douban.com/subject/1291546/,9.6,2259706,导演: 陈凯歌 Kaige Chen,主演: 张国荣 Leslie Cheung / 张丰毅 Fengyi Zha...,1993,中国大陆中国香港,剧情爱情同性,风华绝代。
阿甘正传/ForrestGump/福雷斯特·冈普,https://movie.douban.com/subject/1292720/,9.5,2278798,导演: 罗伯特·泽米吉斯 Robert Zemeckis,主演: 汤姆·汉克斯 Tom Hanks / ...,1994,美国,剧情爱情,一部美国近现代史。
泰坦尼克号/Titanic/铁达尼号(港/台),https://movie.douban.com/subject/1292722/,9.5,2318666,导演: 詹姆斯·卡梅隆 James Cameron,主演: 莱昂纳多·迪卡普里奥 Leonardo...,1997,美国墨西哥,剧情爱情灾难,失去的才是永恒的。
千与千寻/千と千尋の神隠し/神隐少女(台)/千与千寻的神隐,https://movie.douban.com/subject/1291561/,9.4,2367537,导演: 宫崎骏 Hayao Miyazaki,主演: 柊瑠美 Rumi Hîragi / 入野自由 Miy...,2001,日本,剧情动画奇幻,最好的宫崎骏，最好的久石让。
这个杀手不太冷/Léon/终极追杀令(台)/杀手莱昂,https://movie.douban.com/subject/1295644/,9.4,2401190,导演: 吕克·贝松 Luc Besson,主演: 让·雷诺 Jean Reno / 娜塔莉·波特曼 ...,1994,法国美国,剧情动作犯罪,怪蜀黍和小萝莉不得不说的故事。
美丽人生/Lavitaèbella/一个快乐的传说(港)/LifeIsBeautiful,https://movie.douban.com/subject/1292063/,9.5,1393423,导演: 罗伯托·贝尼尼 Roberto Benigni,主演: 罗伯托·贝尼尼 Roberto Beni...,1997,意大利,剧情喜剧爱情战争,最美的谎言。
星际穿越/Interstellar/星际启示录(港)/星际效应(台),https://movie.douban.com/subject/1889243/,9.4,1988445,导演: 克里斯托弗·诺兰 Christopher Nolan,主演: 马修·麦康纳 Matthew Mc...,2014,美国英国加拿大,剧情科幻冒险,爱是一种力量，让我们超越时空感知它的存在。
盗梦空间/Inception/潜行凶间(港)/全面启动(台),https://movie.douban.com/subject/3541415/,9.4,2180550,导演: 克里斯托弗·诺兰 Christopher Nolan,主演: 莱昂纳多·迪卡普里奥 Le...,2010,美国英国,剧情科幻悬疑冒险,诺兰给了我们一场无法盗取的梦。
楚门的世界/TheTrumanShow/真人Show(港)/真人戏,https://movie.douban.com/subject/1292064/,9.4,1844518,导演: 彼得·威尔 Peter Weir,主演: 金·凯瑞 Jim Carrey / 劳拉·琳妮 Lau...,1998,美国,剧情科幻,如果再也不能见到你，祝你早安，午安，晚安。
辛德勒的名单/Schindler'sList/舒特拉的名单(港)/辛德勒名单,https://movie.douban.com/subject/1295124/,9.5,1178441,导演: 史蒂文·斯皮尔伯格 Steven Spielberg,主演: 连姆·尼森 Liam Neeson...,1993,美国,剧情历史战争,拯救一个人，就是拯救整个世界。
忠犬八公的故事/Hachi:ADog'sTale/秋田犬八千(港)/忠犬小八(台),https://movie.douban.com/subject/3011091/,9.4,1459547,导演: 莱塞·霍尔斯道姆 Lasse Hallström,主演: 理查·基尔 Richard Ger...,2009,美国英国,剧情,永远都不能忘记你所爱的人。
海上钢琴师/Laleggendadelpianistasull'oceano/声光伴我飞(港)/一九零零的传奇,https://movie.douban.com/subject/1292001/,9.3,1760840,导演: 朱塞佩·托纳多雷 Giuseppe Tornatore,主演: 蒂姆·罗斯 Tim Roth / ...,1998,意大利,剧情音乐,每个人都要走一条自己坚定了的路，就算是粉身碎骨。
三傻大闹宝莱坞/3Idiots/三个傻瓜(台)/作死不离3兄弟(港),https://movie.douban.com/subject/3793023/,9.2,1952815,导演: 拉库马·希拉尼 Rajkumar Hirani,主演: 阿米尔·汗 Aamir Khan / 卡...,2009,印度,剧情喜剧爱情歌舞,英俊版憨豆，高情商版谢耳朵。
放牛班的春天/Leschoristes/歌声伴我心(港)/唱诗班男孩,https://movie.douban.com/subject/1291549/,9.3,1384085,导演: 克里斯托夫·巴拉蒂 Christophe Barratier,主演: 让-巴蒂斯特·莫尼...,2004,法国瑞士德国,剧情音乐,天籁一般的童声，是最接近上帝的存在。
机器人总动员/WALL·E/太空奇兵·威E(港)/瓦力(台),https://movie.douban.com/subject/2131459/,9.3,1389528,导演: 安德鲁·斯坦顿 Andrew Stanton,主演: 本·贝尔特 Ben Burtt / 艾丽...,2008,美国,科幻动画冒险,小瓦力，大人生。
疯狂动物城/Zootopia/优兽大都会(港)/动物方城市(台),https://movie.douban.com/subject/25662329/,9.2,2075903,导演: 拜伦·霍华德 Byron Howard / 瑞奇·摩尔 Rich Moore,主演: 金妮弗·...,2016,美国,喜剧动画冒险,迪士尼给我们营造的乌托邦就是这样，永远善良勇敢，永远出乎意料。
无间道/無間道/InfernalAffairs/Mougaandou,https://movie.douban.com/subject/1307914/,9.3,1453971,导演: 刘伟强 / 麦兆辉,主演: 刘德华 Andy Lau / 梁朝伟 Tony Leung Chiu W...,2002,中国香港,剧情犯罪惊悚,香港电影史上永不过时的杰作。
控方证人/WitnessfortheProsecution/雄才伟略/情妇,https://movie.douban.com/subject/1296141/,9.6,629656,导演: 比利·怀尔德 Billy Wilder,主演: 泰隆·鲍华 Tyrone Power / 玛琳·...,1957,美国,剧情犯罪悬疑惊悚,比利·怀德满分作品。
大话西游之大圣娶亲/西遊記大結局之仙履奇緣/西游记完结篇仙履奇缘/齐天大圣西游记,https://movie.douban.com/subject/1292213/,9.2,1609675,导演: 刘镇伟 Jeffrey Lau,主演: 周星驰 Stephen Chow / 吴孟达 Man Tat Ng...,1995,中国香港中国大陆,喜剧爱情奇幻古装,一生所爱。
熔炉/도가니/无声呐喊(港)/漩涡,https://movie.douban.com/subject/5912992/,9.3,979715,导演: 黄东赫 Dong-hyuk Hwang,主演: 孔侑 Yoo Gong / 郑有美 Yu-mi Jung /...,2011,韩国,剧情,我们一路奋战不是为了改变世界，而是为了不让世界改变我们。
教父/TheGodfather/MarioPuzo'sTheGodfather,https://movie.douban.com/subject/1291841/,9.3,1028330,导演: 弗朗西斯·福特·科波拉 Francis Ford Coppola,主演: 马龙·白兰度 M...,1972,美国,剧情犯罪,千万不要记恨你的对手，这样会让你失去理智。
触不可及/Intouchables/闪亮人生(港)/逆转人生(台),https://movie.douban.com/subject/6786002/,9.3,1195833,导演: 奥利维·那卡什 Olivier Nakache / 艾力克·托兰达 Eric Toledano,主...,2011,法国,剧情喜剧,满满温情的高雅喜剧。
当幸福来敲门/ThePursuitofHappyness/寻找快乐的故事(港)/追求快乐,https://movie.douban.com/subject/1849031/,9.2,1595140,导演: 加布里尔·穆奇诺 Gabriele Muccino,主演: 威尔·史密斯 Will Smith ...,2006,美国,剧情传记家庭,平民励志片。
寻梦环游记/Coco/玩转极乐园(港)/可可夜总会(台),https://movie.douban.com/subject/20495023/,9.1,1804260,导演: 李·昂克里奇 Lee Unkrich / 阿德里安·莫利纳 Adrian Molina,主演: ...,2017,美国,喜剧动画奇幻音乐,死亡不是真的逝去，遗忘才是永恒的消亡。
末代皇帝/TheLastEmperor/末代皇帝溥仪(港)/L'ultimoimperatore,https://movie.douban.com/subject/1293172/,9.3,950233,导演: 贝纳尔多·贝托鲁奇 Bernardo Bertolucci,主演: 尊龙 John Lone / 陈...,1987,英国意大利中国大陆法国,剧情传记历史,“不要跟我比惨，我比你更惨”再适合这部电影不过了。
龙猫/となりのトトロ/邻居托托罗/邻家的豆豆龙,https://movie.douban.com/subject/1291560/,9.2,1332760,导演: 宫崎骏 Hayao Miyazaki,主演: 日高法子 Noriko Hidaka / 坂本千夏 Ch...,1988,日本,动画奇幻冒险,人人心中都有个龙猫，童年就永远不会消失。
怦然心动/Flipped/萌动青春/青春萌动,https://movie.douban.com/subject/3319755/,9.1,1930550,导演: 罗伯·莱纳 Rob Reiner,主演: 玛德琳·卡罗尔 Madeline Carroll / 卡...,2010,美国,剧情喜剧爱情,真正的幸福是来自内心深处。
哈利·波特与魔法石/HarryPotterandtheSorcerer'sStone/哈利波特1：神秘的魔法石(港/台),https://movie.douban.com/subject/1295038/,9.2,1280838,导演: Chris Columbus,主演: Daniel Radcliffe / Emma Watson / Rupert Grint,2001,美国英国,奇幻冒险,童话世界的开端。
活着/人生/Lifetimes,https://movie.douban.com/subject/1292365/,9.3,903356,导演: 张艺谋 Yimou Zhang,主演: 葛优 You Ge / 巩俐 Li Gong / 姜武 Wu Jiang,1994,中国大陆中国香港,剧情历史家庭,张艺谋最好的电影。
蝙蝠侠：黑暗骑士/TheDarkKnight/蝙蝠侠前传2：黑暗骑士/黑暗骑士(台),https://movie.douban.com/subject/1851857/,9.2,1122484,导演: 克里斯托弗·诺兰 Christopher Nolan,主演: 克里斯蒂安·贝尔 Christ...,2008,美国英国,剧情动作科幻犯罪惊悚,无尽的黑暗。
指环王3：王者无敌/TheLordoftheRings:TheReturnoftheKing/魔戒三部曲：王者再临(台/港),https://movie.douban.com/subject/1291552/,9.3,851214,导演: 彼得·杰克逊 Peter Jackson,主演: 伊利亚·伍德 Elijah Wood / 西恩...,2003,美国新西兰,剧情动作奇幻冒险,史诗的终章。
我不是药神/中国药神/印度药神,https://movie.douban.com/subject/26752088/,9.0,2215861,导演: 文牧野 Muye Wen,主演: 徐峥 Zheng Xu / 王传君 Chuanjun Wang / 周...,2018,中国大陆,剧情喜剧,对我们国家而言，这样的电影多一部是一部。
乱世佳人/GonewiththeWind/飘,https://movie.douban.com/subject/1300267/,9.3,733206,导演: 维克多·弗莱明 Victor Fleming / 乔治·库克 George Cukor,主演: 费...,1939,美国,剧情历史爱情战争,Tomorrow is another day.
飞屋环游记/Up/冲天救兵(港)/天外奇迹(台),https://movie.douban.com/subject/2129039/,9.1,1402130,导演: 彼特·道格特 Pete Docter / 鲍勃·彼德森 Bob Peterson,主演: 爱德...,2009,美国,剧情喜剧动画冒险,最后那些最无聊的事情，才是最值得怀念的。
素媛/소원/许愿/希望：为爱重生(台),https://movie.douban.com/subject/21937452/,9.3,727951,导演: 李濬益 Jun-ik Lee,主演: 薛景求 Kyung-gu Sol / 严志媛 Ji-won Uhm ...,2013,韩国,剧情,受过伤害的人总是笑得最开心，因为他们不愿意让身边的人承受一样的痛苦。
哈尔的移动城堡/ハウルの動く城/哈尔移动城堡(港)/霍尔的移动城堡(台),https://movie.douban.com/subject/1308807/,9.1,1167229,导演: 宫崎骏 Hayao Miyazaki,主演: 倍赏千惠子 Chieko Baishô / 木村拓...,2004,日本,爱情动画奇幻冒险,带着心爱的人在天空飞翔。
十二怒汉/12AngryMen/12怒汉/十二怒汉,https://movie.douban.com/subject/1293182/,9.4,530740,导演: Sidney Lumet,主演: 亨利·方达 Henry Fonda / 马丁·鲍尔萨姆 Marti...,1957,美国,剧情,1957年的理想主义。
让子弹飞/让子弹飞一会儿/火烧云,https://movie.douban.com/subject/3742360/,9.0,1797251,导演: 姜文 Wen Jiang,主演: 姜文 Wen Jiang / 葛优 You Ge / 周润发 Yun-F...,2010,中国大陆中国香港,剧情喜剧动作西部,你给我翻译翻译，神马叫做TMD的惊喜。
何以为家/كفرناحوم/迦百农/星仔打官司(港),https://movie.douban.com/subject/30170448/,9.1,1101263,导演: 娜丁·拉巴基 Nadine Labaki,主演: 扎因·拉费阿 Zain al-Rafeea / ...,2018,黎巴嫩美国法国塞浦路斯卡塔尔英国,剧情,凝视卑弱生命，用电影改变命运。
海蒂和爷爷/Heidi/飘零燕(港)/海蒂,https://movie.douban.com/subject/25958717/,9.3,688137,导演: 阿兰·葛斯彭纳 Alain Gsponer,主演: 阿努克·斯特芬 Anuk Steffen /...,2015,德国瑞士,剧情冒险家庭,如果生活中有什么使你感到快乐，那就去做吧！不要管别人说什么。
猫鼠游戏/CatchMeIfYouCan/逍遥法外/捉智双雄(港),https://movie.douban.com/subject/1305487/,9.1,1108227,导演: 史蒂文·斯皮尔伯格 Steven Spielberg,主演: 莱昂纳多·迪卡普里奥 L...,2002,美国加拿大,传记犯罪剧情,骗子大师和执著警探的你追我跑故事。
摔跤吧！爸爸/Dangal/我和我的冠军女儿(台)/打死不离3父女(港),https://movie.douban.com/subject/26387939/,9.0,1645968,导演: 涅提·蒂瓦里 Nitesh Tiwari,主演: 阿米尔·汗 Aamir Khan / 法缇玛...,2016,印度,剧情传记运动家庭,你不是在为你一个人战斗，你要让千千万万的女性看到女生并不是只能相夫教子。
天空之城/天空の城ラピュタ/天空之城拉普他/空中城堡拉普他,https://movie.douban.com/subject/1291583/,9.2,940706,导演: 宫崎骏 Hayao Miyazaki,主演: 田中真弓 Mayumi Tanaka / 横泽启子 Ke...,1986,日本,动画奇幻冒险,对天空的追逐，永不停止。
鬼子来了/DevilsontheDoorstep,https://movie.douban.com/subject/1291858/,9.3,665317,导演: 姜文 Wen Jiang,主演: 姜文 Wen Jiang / 香川照之 Teruyuki Kagawa /...,2000,中国大陆,剧情喜剧,对敌人的仁慈，就是对自己残忍。
少年派的奇幻漂流/LifeofPi/少年Pi的奇幻漂流/漂流少年Pi,https://movie.douban.com/subject/1929463/,9.1,1412771,导演: 李安 Ang Lee,主演: 苏拉·沙玛 Suraj Sharma / 伊尔凡·可汗 Irrfan...,2012,美国中国台湾英国加拿大,剧情奇幻冒险,瑰丽壮观、无人能及的冒险之旅。
钢琴家/ThePianist/钢琴战曲(港)/战地琴人(台),https://movie.douban.com/subject/1296736/,9.3,690689,导演: 罗曼·波兰斯基 Roman Polanski,主演: 艾德里安·布洛迪 Adrien Brod...,2002,英国法国波兰德国美国,剧情传记战争音乐,音乐能化解仇恨。
指环王2：双塔奇兵/TheLordoftheRings:TheTwoTowers/魔戒二部曲：双城奇谋/指环王II：双塔,https://movie.douban.com/subject/1291572/,9.2,799856,导演: 彼得·杰克逊 Peter Jackson,主演: 伊利亚·伍德 Elijah Wood / 西恩...,2002,美国新西兰,剧情动作奇幻冒险,承前启后的史诗篇章。
大话西游之月光宝盒/西遊記第壹佰零壹回之月光寶盒/西游记101回月光宝盒/齐天大圣东游记,https://movie.douban.com/subject/1299398/,9.0,1282300,导演: 刘镇伟 Jeffrey Lau,主演: 周星驰 Stephen Chow / 吴孟达 Man Tat Ng...,1995,中国香港中国大陆,喜剧爱情奇幻古装,旷古烁今。
闻香识女人/ScentofaWoman/女人香/女人的芳香,https://movie.douban.com/subject/1298624/,9.1,947511,导演: 马丁·布莱斯 Martin Brest,主演: 阿尔·帕西诺 Al Pacino / 克里斯...,1992,美国,剧情,史上最美的探戈。
死亡诗社/DeadPoetsSociety/暴雨骄阳(港)/春风化雨(台),https://movie.douban.com/subject/1291548/,9.2,792395,导演: 彼得·威尔 Peter Weir,主演: 罗宾·威廉姆斯 Robin Williams / 罗伯...,1989,美国,剧情,当一个死水般的体制内出现一个活跃的变数时，所有的腐臭都站在了光明的对面。
绿皮书/GreenBook/绿簿旅友(港)/幸福绿皮书(台),https://movie.douban.com/subject/27060077/,8.9,1755457,导演: 彼得·法雷里 Peter Farrelly,主演: 维果·莫腾森 Viggo Mortensen /...,2018,美国中国大陆,剧情喜剧传记音乐,去除成见，需要勇气。
大闹天宫/大闹天宫上下集/TheMonkeyKing,https://movie.douban.com/subject/1418019/,9.4,469853,导演: 万籁鸣 Laiming Wan,主演: 邱岳峰 Yuefeng Qiu / 富润生 Runsheng Fu...,2018,美国中国大陆,剧情喜剧传记音乐,经典之作，历久弥新。
罗马假日/RomanHoliday/金枝玉叶(港)/罗马假期(台),https://movie.douban.com/subject/1293839/,9.1,993463,导演: 威廉·惠勒 William Wyler,主演: 奥黛丽·赫本 Audrey Hepburn / 格...,1953,美国,喜剧剧情爱情,爱情哪怕只有一天。
黑客帝国/TheMatrix/22世纪杀人网络(港)/廿二世纪杀人网络(港),https://movie.douban.com/subject/1291843/,9.1,885623,导演: 安迪·沃卓斯基 Andy Wachowski / 拉娜·沃卓斯基 Lana Wachowski,主...,1999,美国,动作科幻,视觉革命。
指环王1：护戒使者/TheLordoftheRings:TheFellowshipoftheRing/指环王1：魔戒再现/指环王I：护戒使者,https://movie.douban.com/subject/1291571/,9.1,897530,导演: 彼得·杰克逊 Peter Jackson,主演: 伊利亚·伍德 Elijah Wood / 西恩...,2001,新西兰美国,剧情动作奇幻冒险,传说的开始。
天堂电影院/NuovoCinemaParadiso/星光伴我心(港)/新天堂乐园(台),https://movie.douban.com/subject/1291828/,9.2,707317,导演: 朱塞佩·托纳多雷 Giuseppe Tornatore,主演: 菲利普·努瓦雷 Philipp...,1988,意大利法国,剧情爱情,那些吻戏，那些青春，都在影院的黑暗里被泪水冲刷得无比清晰。
教父2/TheGodfather:PartII/教父续集(港)/教父II,https://movie.douban.com/subject/1299131/,9.3,590505,导演: 弗朗西斯·福特·科波拉 Francis Ford Coppola,主演: 阿尔·帕西诺 A...,1974,美国,剧情犯罪,优雅的孤独。
狮子王/TheLionKing/狮子王3D,https://movie.douban.com/subject/1301753/,9.1,897499,导演: Roger Allers / 罗伯·明可夫 Rob Minkoff,主演: 乔纳森·泰勒·托马...,1994,美国,动画冒险歌舞,动物版《哈姆雷特》。
辩护人/변호인/逆权大状(港)/正义辩护人(台),https://movie.douban.com/subject/21937445/,9.2,622661,导演: 杨宇硕 Woo-seok Yang,主演: 宋康昊 Kang-ho Song / 金英爱 Yeong-ae...,2013,韩国,剧情,电影的现实意义大过电影本身。
饮食男女/飲食男女/EatDrinkManWoman,https://movie.douban.com/subject/1291818/,9.2,663696,导演: 李安 Ang Lee,主演: 郎雄 Sihung Lung / 杨贵媚 Kuei-Mei Yang / 吴...,1994,中国台湾美国,剧情家庭,人生不能像做菜，把所有的料都准备好了才下锅。
搏击俱乐部/FightClub/搏击会(港)/斗阵俱乐部(台),https://movie.douban.com/subject/1292000/,9.0,900671,导演: 大卫·芬奇 David Fincher,主演: 爱德华·诺顿 Edward Norton / 布拉...,1999,美国,剧情动作悬疑惊悚,邪恶与平庸蛰伏于同一个母体，在特定的时间互相对峙。
本杰明·巴顿奇事/TheCuriousCaseofBenjaminButton/奇幻逆缘(港)/班杰明的奇幻旅程(台),https://movie.douban.com/subject/1485260/,9.0,1040166,导演: 大卫·芬奇 David Fincher,主演: 凯特·布兰切特 Cate Blanchett / ...,2008,美国,剧情爱情奇幻,在时间之河里感受溺水之苦。
美丽心灵/ABeautifulMind/有你终生美丽(港)/美丽境界(台),https://movie.douban.com/subject/1306029/,9.1,810093,导演: 朗·霍华德 Ron Howard,主演: 罗素·克劳 Russell Crowe / 艾德·哈...,2001,美国,传记剧情,爱是一切逻辑和原由。
穿条纹睡衣的男孩/TheBoyintheStripedPajamas/穿条纹衣服的男孩/穿条纹衣的男孩,https://movie.douban.com/subject/3008247/,9.2,602336,导演: 马克·赫尔曼 Mark Herman,主演: 阿萨·巴特菲尔德 Asa Butterfield ...,2008,英国美国,剧情战争,尽管有些不切实际的幻想，这部电影依旧是一部感人肺腑的佳作。
窃听风暴/DasLebenderAnderen/窃听者(港)/他人的生活,https://movie.douban.com/subject/1900841/,9.2,597190,导演: 弗洛里安·亨克尔·冯·多纳斯马尔克 Florian Henckel von Donnersmarck  &n...,,2006,德国,剧情悬疑,别样人生。
情书/LoveLetter/WhenICloseMyEyes/LettersofLove,https://movie.douban.com/subject/1292220/,8.9,1193824,导演: 岩井俊二 Shunji Iwai,主演: 中山美穗 Miho Nakayama / 丰川悦司 Ets...,1995,日本,剧情爱情,暗恋的极致。
"两杆大烟枪/Lock,StockandTwoSmokingBarrels/够姜四小强(港)/两根枪管(台)",https://movie.douban.com/subject/1293350/,9.1,631917,导演: 盖·里奇 Guy Ritchie,主演: 杰森·弗莱明 Jason Flemyng / 德克斯特...,1998,英国,剧情喜剧犯罪,4个臭皮匠顶个诸葛亮，盖·里奇果然不是盖的。
音乐之声/TheSoundofMusic/仙乐飘飘处处闻(港)/真善美(台),https://movie.douban.com/subject/1294408/,9.1,639322,导演: 罗伯特·怀斯 Robert Wise,主演: 朱莉·安德鲁斯 Julie Andrews / 克...,1965,美国,剧情传记爱情歌舞,用音乐化解仇恨，让歌声串起美好。
西西里的美丽传说/Malèna/真爱伴我行(台)/玛莲娜,https://movie.douban.com/subject/1292402/,8.9,1031628,导演: 朱塞佩·托纳多雷 Giuseppe Tornatore,主演: 莫妮卡·贝鲁奇 Monica ...,2000,意大利美国,剧情战争情色,美丽无罪。
看不见的客人/Contratiempo/死无对证(港)/布局(台),https://movie.douban.com/subject/26580232/,8.8,1351066,导演: 奥里奥尔·保罗 Oriol Paulo,主演: 马里奥·卡萨斯 Mario Casas / 阿...,2016,西班牙,剧情犯罪悬疑惊悚,你以为你以为的就是你以为的。
哈利·波特与死亡圣器(下)/HarryPotterandtheDeathlyHallows:Part2/哈利波特7：死神的圣物2(港/台),https://movie.douban.com/subject/3011235/,9.0,887938,导演: 大卫·叶茨 David Yates,主演: 丹尼尔·雷德克里夫 Daniel Radcliffe...,2011,美国英国,奇幻冒险,10年的完美句点。
阿凡达/Avatar/,https://movie.douban.com/subject/1652587/,8.8,1490165,导演: 詹姆斯·卡梅隆 James Cameron,主演: 萨姆·沃辛顿 Sam Worthington ...,2009,美国,动作科幻冒险,绝对意义上的美轮美奂。
拯救大兵瑞恩/SavingPrivateRyan/雷霆救兵(港)/抢救雷恩大兵(台),https://movie.douban.com/subject/1292849/,9.1,682506,导演: 史蒂文·斯皮尔伯格 Steven Spielberg,主演: 汤姆·汉克斯 Tom Hanks...,1998,美国,剧情战争,美利坚精神输出大片No1.
功夫/功夫3D/KungFuHustle,https://movie.douban.com/subject/1291543/,8.8,1224195,导演: 周星驰 Stephen Chow,主演: 周星驰 Stephen Chow / 元秋 Qiu Yuen / ...,2004,中国大陆中国香港,动作喜剧犯罪奇幻,警恶惩奸，维护世界和平这个任务就交给你了，好吗？
小鞋子/بچههایآسمان/天堂的孩子/小童鞋,https://movie.douban.com/subject/1303021/,9.2,434982,导演: 马基德·马基迪 Majid Majidi,主演: 默罕默德·阿米尔·纳吉 Mohamma...,1997,伊朗,剧情儿童家庭,奔跑的孩子是天使。
飞越疯人院/OneFlewOvertheCuckoo'sNest/飞越杜鹃窝(台)/飞越喜鹊巢,https://movie.douban.com/subject/1292224/,9.1,573740,导演: 米洛斯·福尔曼 Miloš Forman,主演: 杰克·尼科尔森 Jack Nichols...,1975,美国,剧情,自由万岁。
沉默的羔羊/TheSilenceoftheLambs/沉默的羔羊,https://movie.douban.com/subject/1293544/,8.9,948663,导演: 乔纳森·戴米 Jonathan Demme,主演: 朱迪·福斯特 Jodie Foster / 安...,1991,美国,剧情犯罪惊悚,安东尼·霍普金斯的顶级表演。
布达佩斯大饭店/TheGrandBudapestHotel/布达佩斯大酒店(港)/欢迎来到布达佩斯大饭店(台),https://movie.douban.com/subject/11525673/,8.9,1007426,导演: 韦斯·安德森 Wes Anderson,主演: 拉尔夫·费因斯 Ralph Fiennes / ...,2014,美国德国英国,剧情喜剧冒险,小清新的故事里注入了大历史的情怀。
哈利·波特与阿兹卡班的囚徒/HarryPotterandthePrisonerofAzkaban/哈利波特3：阿兹卡班的逃犯(港/台),https://movie.douban.com/subject/1291544/,9.0,792991,导演: Alfonso Cuarón,主演: 丹尼尔·雷德克里夫 Daniel Radcliffe / Emma...,2004,英国美国,奇幻冒险,不一样的导演，不一样的哈利·波特。
蝴蝶效应/TheButterflyEffect/蝴蝶效应,https://movie.douban.com/subject/1292343/,8.9,996193,导演: 埃里克·布雷斯 Eric Bress / J·麦基·格鲁伯 J. Mackye Gruber,主...,2004,美国加拿大,剧情悬疑科幻惊悚,人的命运被自己瞬间的抉择改变。
禁闭岛/ShutterIsland/不赦岛(港)/隔离岛(台),https://movie.douban.com/subject/2334904/,8.9,1040442,导演: Martin Scorsese,主演: 莱昂纳多·迪卡普里奥 Leonardo DiCaprio / ...,2010,美国,剧情悬疑惊悚,昔日翩翩少年，今日大腹便便。
致命魔术/ThePrestige/死亡魔法(港)/顶尖对决(台),https://movie.douban.com/subject/1780330/,8.9,909422,导演: 克里斯托弗·诺兰 Christopher Nolan,主演: 休·杰克曼 Hugh Jackman...,2006,英国美国,剧情悬疑惊悚,孪生蝙蝠侠大战克隆金刚狼。
心灵捕手/GoodWillHunting/骄阳似我(港)/心灵捕手,https://movie.douban.com/subject/1292656/,9.0,764961,导演: 格斯·范·桑特 Gus Van Sant,主演: 马特·达蒙 Matt Damon / 罗宾·...,1997,美国,剧情,人生中应该拥有这样的一段豁然开朗。
超脱/Detachment/人间师格(台),https://movie.douban.com/subject/5322596/,9.0,660502,导演: 托尼·凯耶 Tony Kaye,主演: 艾德里安·布洛迪 Adrien Brody / 马西...,2011,美国,剧情,穷尽一生，我们要学会的，不过是彼此拥抱。
低俗小说/PulpFiction/危险人物(港)/黑色追缉令(台),https://movie.douban.com/subject/1291832/,8.9,891396,导演: 昆汀·塔伦蒂诺 Quentin Tarantino,主演: 约翰·特拉沃尔塔 John Tra...,1994,美国,剧情喜剧犯罪,故事的高级讲法。
摩登时代/ModernTimes/TheMasses/LesTempsmodernes,https://movie.douban.com/subject/1294371/,9.3,322036,导演: 查理·卓别林 Charles Chaplin,主演: 查理·卓别林 Charles Chaplin ...,1936,美国,剧情喜剧爱情,大时代中的人生，小人物的悲喜。
喜剧之王/喜劇之王/KingofComedy,https://movie.douban.com/subject/1302425/,8.8,1023592,导演: 周星驰 Stephen Chow / 李力持 Lik-Chi Lee,主演: 周星驰 Stephen Ch...,1999,中国香港,喜剧剧情爱情,我是一个演员。
春光乍泄/春光乍洩/一起快乐/HappyTogether,https://movie.douban.com/subject/1292679/,9.0,668720,导演: 王家卫 Kar Wai Wong,主演: 张国荣 Leslie Cheung / 梁朝伟 Tony Leu...,1997,中国香港日本韩国,剧情爱情同性,爱情纠缠，男女一致。
海豚湾/TheCove/血色海湾(台)/海湾,https://movie.douban.com/subject/3442220/,9.3,369315,导演: 路易·西霍尤斯 Louie Psihoyos,主演: 路易·西霍尤斯 Louie Psihoyo...,2009,美国,纪录片,海豚的微笑，是世界上最高明的伪装。
致命ID/Identity/杀人游戏/致命身份,https://movie.douban.com/subject/1297192/,8.9,882315,导演: 詹姆斯·曼高德 James Mangold,主演: 约翰·库萨克 John Cusack / 雷...,2003,美国,剧情悬疑惊悚,最不可能的那个人永远是最可能的。
杀人回忆/살인의추억/谋杀回忆/杀手回忆录,https://movie.douban.com/subject/1300299/,8.9,771207,导演: 奉俊昊 Joon-ho Bong,主演: 宋康昊 Kang-ho Song / 金相庆 Sang-kyun...,2003,韩国,剧情动作犯罪悬疑惊悚,关于连环杀人悬案的集体回忆。
美国往事/OnceUponaTimeinAmerica/四海兄弟(台)/义薄云天(港),https://movie.douban.com/subject/1292262/,9.1,440280,导演: 赛尔乔·莱翁内 Sergio Leone,主演: 罗伯特·德尼罗 Robert De Niro ...,1984,美国意大利,犯罪剧情,往事如烟，无处祭奠。
哈利·波特与密室/HarryPotterandtheChamberofSecrets/哈利波特2：消失的密室(港/台),https://movie.douban.com/subject/1296996/,8.9,820245,导演: Chris Columbus,主演: 丹尼尔·雷德克里夫 Daniel Radcliffe / 艾玛...,2002,英国美国,奇幻冒险,魔法的密室之门已打开...
红辣椒/パプリカ/盗梦侦探(港/台),https://movie.douban.com/subject/1865703/,9.1,514016,导演: 今敏 Satoshi Kon,主演: 林原惠美 Megumi Hayashibara / 江守彻 Toru...,2006,日本,动画悬疑科幻惊悚,梦的勾结。
加勒比海盗/PiratesoftheCaribbean:TheCurseoftheBlackPearl/加勒比海盗1：黑珍珠号的诅咒/神鬼奇航：鬼盗船魔咒(台),https://movie.douban.com/subject/1298070/,8.8,909393,导演: 戈尔·维宾斯基 Gore Verbinski,主演: 约翰尼·德普 Johnny Depp / ...,2003,美国,动作冒险奇幻,约翰尼·德普的独角戏。
一一/Yiyi/Yiyi:AOneandaTwo,https://movie.douban.com/subject/1292434/,9.1,438978,导演: 杨德昌 Edward Yang,主演: 吴念真 / 李凯莉 Kelly Lee / 金燕玲 Elai...,2000,中国台湾日本,剧情爱情家庭,我们都曾经是一一。
七宗罪/Se7en/火线追缉令(台)/7宗罪,https://movie.douban.com/subject/1292223/,8.8,992007,导演: 大卫·芬奇 David Fincher,主演: 摩根·弗里曼 Morgan Freeman / 布...,1995,美国,剧情犯罪悬疑惊悚,警察抓小偷，老鼠玩死猫。
唐伯虎点秋香/唐伯虎點秋香/FlirtingScholar,https://movie.douban.com/subject/1306249/,8.7,1145485,导演: 李力持 Lik-Chi Lee,主演: 周星驰 Stephen Chow / 巩俐 Li Gong / 陈...,1993,中国香港,喜剧爱情古装,华太师是黄霑，吴镇宇四大才子之一。
狩猎/Jagten/诬网(港)/谎言的烙印(台),https://movie.douban.com/subject/6985810/,9.1,425055,导演: 托马斯·温特伯格 Thomas Vinterberg,主演: 麦斯·米科尔森 Mads Mik...,2012,丹麦瑞典,剧情,人言可畏。
7号房的礼物/7번방의선물/戆爸的礼物(港)/7号囚房的礼物,https://movie.douban.com/subject/10777687/,8.9,587520,导演: 李焕庆 Hwan-kyeong Lee,主演: 柳承龙 Seung-yong Ryoo / 朴信惠 Shi...,2013,韩国,剧情喜剧家庭,《我是山姆》的《美丽人生》。
蝙蝠侠：黑暗骑士崛起/TheDarkKnightRises/蝙蝠侠前传3：黑暗骑士崛起/黑暗骑士：黎明升起(台),https://movie.douban.com/subject/3395373/,8.9,765076,导演: 克里斯托弗·诺兰 Christopher Nolan,主演: 克里斯蒂安·贝尔 Christ...,2012,美国英国,剧情动作科幻犯罪惊悚,诺兰就是保证。
被嫌弃的松子的一生/嫌われ松子の一生/花样奇缘(港)/令人讨厌的松子的一生(台),https://movie.douban.com/subject/1787291/,8.8,736971,导演: 中岛哲也 Tetsuya Nakashima,主演: 中谷美纪 Miki Nakatani / 瑛太 E...,2006,日本,剧情歌舞,以戏谑来戏谑戏谑。
甜蜜蜜/Comrades:AlmostaLoveStory,https://movie.douban.com/subject/1305164/,8.9,611241,导演: 陈可辛 Peter Chan,主演: 黎明 Leon Lai / 张曼玉 Maggie Cheung / ...,1996,中国香港,剧情爱情,相逢只要一瞬间，等待却像是一辈子。
爱在黎明破晓前/BeforeSunrise/情留半天(港)/爱在黎明破晓时(台),https://movie.douban.com/subject/1296339/,8.8,734776,导演: 理查德·林克莱特 Richard Linklater,主演: 伊桑·霍克 Ethan Hawke ...,1995,美国奥地利瑞士,剧情爱情,缘分是个连绵词，最美不过一瞬。
第六感/TheSixthSense/鬼眼(港)/灵异第六感(台),https://movie.douban.com/subject/1297630/,8.9,592715,导演: M·奈特·沙马兰 M. Night Shyamalan,主演: 布鲁斯·威利斯 Bruce Wi...,1999,美国,剧情悬疑惊悚,深入内心的恐怖，出人意料的结局。
超能陆战队/BigHero6/大英雄联盟(港)/大英雄天团(台),https://movie.douban.com/subject/11026735/,8.8,1075600,导演: 唐·霍尔 Don Hall / 克里斯·威廉姆斯 Chris Williams,主演: 斯科特...,2014,美国,喜剧动作科幻动画冒险,Balalala~~~
重庆森林/重慶森林/ChungkingExpress,https://movie.douban.com/subject/1291999/,8.8,862963,导演: 王家卫 Kar Wai Wong,主演: 林青霞 Brigitte Lin / 金城武 Takeshi K...,1994,中国香港,剧情爱情,寂寞没有期限。
请以你的名字呼唤我/CallMebyYourName/以你的名字呼唤我(港/台),https://movie.douban.com/subject/26799731/,8.8,771709,导演: 卢卡·瓜达尼诺 Luca Guadagnino,主演: 艾米·汉莫 Armie Hammer / ...,2017,意大利法国巴西美国,剧情爱情同性,沉醉在电影的情感和视听氛围中无法自拔。
入殓师/おくりびと/礼仪师之奏鸣曲(港)/礼仪师(台),https://movie.douban.com/subject/2149806/,8.9,705347,导演: 泷田洋二郎 Yôjirô Takita,主演: 本木雅弘 Masahiro Motoki / ...,2008,日本,剧情,死可能是一道门，逝去并不是终结，而是超越，走向下一程。
寄生虫/기생충/寄生上流(台)/上流寄生族(港),https://movie.douban.com/subject/27010768/,8.8,1452143,导演: 奉俊昊 Joon-ho Bong,主演: 宋康昊 Kang-ho Song / 李善均 Seon-gyun...,2019,韩国,剧情,
断背山/BrokebackMountain/断臂山/BBM,https://movie.douban.com/subject/1418834/,8.8,740597,导演: 李安 Ang Lee,主演: 希斯·莱杰 Heath Ledger / 杰克·吉伦哈尔 Jake...,2005,美国加拿大,剧情爱情同性家庭,每个人心中都有一座断背山。
剪刀手爱德华/EdwardScissorhands/幻海奇缘(港)/剪刀手爱德华,https://movie.douban.com/subject/1292370/,8.7,1076524,导演: 蒂姆·波顿 Tim Burton,主演: 约翰尼·德普 Johnny Depp / 薇诺娜·...,1990,美国,剧情爱情奇幻,浪漫忧郁的成人童话。
幽灵公主/もののけ姫/魔法公主(港)/魔法公主(台),https://movie.douban.com/subject/1297359/,8.9,557617,导演: 宫崎骏 Hayao Miyazaki,主演: 松田洋治 Yôji Matsuda / 石田百合...,1997,日本,动画奇幻冒险,人与自然的战争史诗。
爱在日落黄昏时/BeforeSunset/日落巴黎(港)/爱在日落巴黎时(台),https://movie.douban.com/subject/1291990/,8.9,602833,导演: 理查德·林克莱特 Richard Linklater,主演: 伊桑·霍克 Ethan Hawke ...,2004,美国法国,剧情爱情,九年后的重逢是世俗和责任的交叠，没了悸动和青涩，沧桑而温暖。
勇敢的心/Braveheart/惊世未了缘(港)/梅尔吉勃逊之英雄本色(台),https://movie.douban.com/subject/1294639/,8.9,579999,导演: 梅尔·吉布森 Mel Gibson,主演: 梅尔·吉布森 Mel Gibson / 苏菲·玛...,1995,美国,动作传记剧情历史战争,史诗大片的典范。
菊次郎的夏天/菊次郎の夏/菊次郎之夏/Kikujirônonatsu,https://movie.douban.com/subject/1293359/,8.9,633416,导演: 北野武 Takeshi Kitano,主演: 北野武 Takeshi Kitano / 关口雄介 Yus...,1999,日本,剧情喜剧,从没见过那么流氓的温柔，从没见过那么温柔的流氓。
借东西的小人阿莉埃蒂/借りぐらしのアリエッティ/借物少女艾莉缇(台)/借东西的小矮人亚莉亚蒂(港),https://movie.douban.com/subject/4202302/,8.9,589198,导演: 米林宏昌 Hiromasa Yonebayashi,主演: 志田未来 Mirai Shida / 神木...,2010,日本,动画奇幻冒险,曾经的那段美好会沉淀为一辈子的记忆。
未麻的部屋/PerfectBlue/蓝色恐惧(港/台),https://movie.douban.com/subject/1395091/,9.1,381027,导演: 今敏 Satoshi Kon,主演: 岩男润子 Junko Iwao / 松本梨香 Rica Matsu...,1997,日本,剧情犯罪动画悬疑惊悚,好的剧本是，就算你猜到了结局也猜不到全部。
消失的爱人/GoneGirl/失踪的女孩/失踪女孩,https://movie.douban.com/subject/21318488/,8.7,1013297,导演: 大卫·芬奇 David Fincher,主演: 本·阿弗莱克 Ben Affleck / 罗莎蒙...,2014,美国,剧情犯罪悬疑惊悚,年度最佳date movie。
无人知晓/誰も知らない/谁知赤子心(港)/无人知晓的夏日清晨(台),https://movie.douban.com/subject/1292337/,9.1,345577,导演: 是枝裕和 Hirokazu Koreeda,主演: 柳乐优弥 Yûya Yagira / 北浦爱...,2004,日本,剧情,我的平常生活就是他人的幸福。
时空恋旅人/AboutTime/回到最爱的一天(港)/真爱每一天(台),https://movie.douban.com/subject/10577869/,8.8,727255,导演: 理查德·柯蒂斯 Richard Curtis,主演: 多姆纳尔·格里森 Domhnall Gl...,2013,英国美国,喜剧爱情奇幻,把每天当作最后一天般珍惜度过，积极拥抱生活，就是幸福。
完美的世界/APerfectWorld/强盗保镳,https://movie.douban.com/subject/1300992/,9.1,336766,导演: 克林特·伊斯特伍德 Clint Eastwood,主演: 凯文·科斯特纳 Kevin Cos...,1993,美国,剧情犯罪,坏人的好总是比好人的好来得更感人。
阳光灿烂的日子/IntheHeatoftheSun,https://movie.douban.com/subject/1291875/,8.8,650021,导演: 姜文 Wen Jiang,主演: 夏雨 Yu Xia / 宁静 Jing Ning / 陶虹 Hong Tao,1994,中国大陆中国香港,剧情爱情,一场华丽的意淫。
倩女幽魂/倩女幽魂(87版)/倩女幽魂：妖魔道,https://movie.douban.com/subject/1297447/,8.8,775366,导演: 程小东 Siu-Tung Ching,主演: 张国荣 Leslie Cheung / 王祖贤 Joey W...,1987,中国香港,爱情奇幻武侠古装,两张绝世的脸。
哈利·波特与火焰杯/HarryPotterandtheGobletofFire/哈利波特4：火杯的考验(港/台),https://movie.douban.com/subject/1309055/,8.8,716126,导演: 迈克·内威尔 Mike Newell,主演: 丹尼尔·雷德克里夫 Daniel Radclif...,2005,英国美国,悬疑奇幻冒险,
小森林夏秋篇/リトル・フォレスト夏・秋/小森食光/夏秋篇(台),https://movie.douban.com/subject/25814705/,9.0,447822,导演: 森淳一 Junichi Mori,主演: 桥本爱 Ai Hashimoto / 三浦贵大 Takahir...,2014,日本,剧情,那些静得只能听见呼吸的日子里，你明白孤独即生活。
天使爱美丽/LeFabuleuxdestind'AméliePoulain/艾蜜莉的异想世界(台)/天使艾米莉,https://movie.douban.com/subject/1292215/,8.7,985298,导演: 让-皮埃尔·热内 Jean-Pierre Jeunet,主演: 奥黛丽·塔图 Audrey Tau...,2001,法国德国,剧情喜剧爱情,法式小清新。
茶馆/TheTeahouse,https://movie.douban.com/subject/1461403/,9.6,174197,导演: 谢添 Tian Xie,主演: 于是之 Shizhi Yu / 郑榕 Rong Zhen / 蓝天野 T...,1982(中国大陆),中国大陆,剧情历史,
侧耳倾听/耳をすませば/心之谷(台)/梦幻街少女(港),https://movie.douban.com/subject/1297052/,8.9,492364,导演: 近藤喜文 Yoshifumi Kondo,主演: 本名阳子 Youko Honna / 小林桂树 K...,1995,日本,剧情爱情动画,少女情怀总是诗。
驯龙高手/HowtoTrainYourDragon/驯龙记(港),https://movie.douban.com/subject/2353023/,8.8,800598,导演: 迪恩·德布洛斯 Dean DeBlois / 克里斯·桑德斯 Chris Sanders,主演:...,2010,美国,动画奇幻冒险,和谐的生活离不开摸头与被摸头。
教父3/TheGodfather:PartIII/教父第三集/教父III,https://movie.douban.com/subject/1294240/,9.0,400555,导演: 弗朗西斯·福特·科波拉 Francis Ford Coppola,主演: 阿尔·帕西诺 A...,1990,美国,剧情犯罪,任何信念的力量，都无法改变命运。
新世界/신세계/暗黑新世界(台)/NewWorld,https://movie.douban.com/subject/10437779/,8.9,481577,导演: 朴勋政 Hoon-jung Park,主演: 李政宰 Jung-Jae Lee / 崔岷植 Min-sik...,2013,韩国,剧情犯罪,要做就做得狠一点，这样才能活下去。
"怪兽电力公司/Monsters,Inc./怪兽公司(港)/怪物公司",https://movie.douban.com/subject/1291579/,8.8,719066,导演: 彼特·道格特 Pete Docter / 大卫·斯沃曼 David Silverman,主演: 约...,2001,美国,儿童喜剧动画奇幻冒险,不要给它起名字，起了名字就有感情了。
幸福终点站/TheTerminal/机场客运站(港)/航站情缘(台),https://movie.douban.com/subject/1292274/,8.8,604435,导演: 史蒂文·斯皮尔伯格 Steven Spielberg,主演: 汤姆·汉克斯 Tom Hanks...,2004,美国,喜剧剧情爱情,有时候幸福需要等一等。
一个叫欧维的男人决定去死/EnmansomheterOve/明天别再来敲门(台)/想死冇咁易(港),https://movie.douban.com/subject/26628357/,8.9,520454,导演: 汉内斯·赫尔姆 Hannes Holm,主演: 罗夫·拉斯加德 Rolf Lassgård...,2015,瑞典,剧情,惠及一生的美丽。
傲慢与偏见/Pride&Prejudice/傲慢与偏见2005/PrideAndPrejudice,https://movie.douban.com/subject/1418200/,8.7,855853,导演: 乔·怀特 Joe Wright,主演: 凯拉·奈特莉 Keira Knightley / 马修·...,2005,法国英国美国,剧情爱情,爱是摈弃傲慢与偏见之后的曙光。
玩具总动员3/ToyStory3/反斗奇兵3(港)/玩具的故事3,https://movie.douban.com/subject/1858711/,8.9,552625,导演: 李·昂克里奇 Lee Unkrich,主演: 汤姆·汉克斯 Tom Hanks / 蒂姆·艾...,2010,美国,喜剧动画奇幻冒险,跨度十五年的欢乐与泪水。
头脑特工队/InsideOut/玩转脑朋友(港)/脑筋急转弯(台),https://movie.douban.com/subject/10533913/,8.8,707843,导演: 彼特·道格特 Pete Docter / 罗纳尔多·德尔·卡门 Ronaldo Del Carmen  &nb...,,2015,美国,喜剧动画冒险,愿我们都不用长大，每一座城堡都能永远存在。
小森林冬春篇/リトル・フォレスト冬・春/小森食光/冬春篇(台),https://movie.douban.com/subject/25814707/,9.0,398361,导演: 森淳一 Junichi Mori,主演: 桥本爱 Ai Hashimoto / 三浦贵大 Takahir...,2015,日本,剧情,尊敬他人，尊敬你生活的这片土地，明白孤独是人生的常态。
被解救的姜戈/DjangoUnchained/被解放的姜戈/决杀令(台),https://movie.douban.com/subject/6307447/,8.8,647040,导演: 昆汀·塔伦蒂诺 Quentin Tarantino,主演: 杰米·福克斯 Jamie Foxx /...,2012,美国,剧情动作西部冒险,热血沸腾，那个低俗、性感的无耻混蛋又来了。
色，戒/色|戒/色·戒,https://movie.douban.com/subject/1828115/,8.7,882636,导演: 李安 Ang Lee,主演: 梁朝伟 Tony Leung Chiu Wai / 汤唯 Wei Tang / ...,2007,中国台湾中国大陆美国中国香港,剧情爱情情色,假戏真情，爱欲深海
萤火之森/蛍火の杜へ/萤火之社/Hotarubinomorie,https://movie.douban.com/subject/5989818/,8.8,573287,导演: 大森贵弘 Takahiro Omori,主演: 佐仓绫音 Ayane Sakura / 内山昂辉 K...,2011,日本,剧情爱情动画奇幻,触不到的恋人。
釜山行/부산행/尸杀列车(港)/尸速列车(台),https://movie.douban.com/subject/25986180/,8.6,1268617,导演: 延尚昊 Sang-ho Yeon,主演: 孔侑 Yoo Gong / 郑有美 Yu-mi Jung / 马...,2016,韩国,动作惊悚灾难,揭露人性的丧尸题材力作。
神偷奶爸/DespicableMe/卑鄙的我/坏蛋奖门人(港),https://movie.douban.com/subject/3287562/,8.7,994836,导演: 皮艾尔·柯芬 Pierre Coffin / 克里斯·雷纳德 Chris Renaud,主演: ...,2010,美国法国,喜剧动画冒险,Mr. I Don't Care其实也有Care的时候。
九品芝麻官/九品芝麻官之白面包青天/HailtheJudge,https://movie.douban.com/subject/1297518/,8.7,732627,导演: 王晶 Jing Wong,主演: 周星驰 Stephen Chow / 吴孟达 Man Tat Ng / ...,1994,中国香港中国大陆,剧情喜剧古装,
哪吒闹海/PrinceNezha'sTriumphAgainstDragonKing/NezhaConquerstheDragonKing,https://movie.douban.com/subject/1307315/,9.2,276907,导演: 王树忱 Shuchen Wang / 严定宪 Dingxian Yan,主演: 梁正晖 Zhenghui ...,1979,中国大陆,冒险动画奇幻,想你时你在闹海。
告白/自白/母亲,https://movie.douban.com/subject/4268598/,8.8,703412,导演: 中岛哲也 Tetsuya Nakashima,主演: 松隆子 Takako Matsu / 冈田将生 ...,2010,日本,剧情悬疑,没有一人完全善，也没有一人完全恶。
喜宴/囍宴/TheWeddingBanquet,https://movie.douban.com/subject/1303037/,9.0,393397,导演: 李安 Ang Lee,主演: 赵文瑄 Winston Chao / 归亚蕾 Ya-lei Kuei / 郎...,1993,中国台湾美国,剧情喜剧爱情同性家庭,中国家庭的喜怒哀乐忍。
玛丽和马克思/MaryandMax/巧克力情缘(台)/同是天涯寂寞客,https://movie.douban.com/subject/3072124/,9.0,437487,导演: 亚当·艾略特 Adam Elliot,主演: 托妮·科莱特 Toni Collette / 菲利...,2009,澳大利亚美国,剧情喜剧动画,你是我最好的朋友，你是我唯一的朋友 。
模仿游戏/TheImitationGame/解码游戏(港)/模拟游戏,https://movie.douban.com/subject/10463953/,8.8,684481,导演: 莫滕·泰杜姆 Morten Tyldum,主演: 本尼迪克特·康伯巴奇 Benedict C...,2014,英国美国,剧情传记战争同性,他给机器起名“克里斯托弗”，因为这是他初恋的名字。
大鱼/BigFish/大鱼奇缘(港)/大智若鱼(台),https://movie.douban.com/subject/1291545/,8.8,595807,导演: 蒂姆·波顿 Tim Burton,主演: 伊万·麦克格雷格 Ewan McGregor / 阿...,2003,美国,剧情爱情奇幻冒险,抱着梦想而活着的人是幸福的，怀抱梦想而死去的人是不朽的。
头号玩家/ReadyPlayerOne/玩家一号/挑战者1号(港),https://movie.douban.com/subject/4920389/,8.6,1434436,导演: 史蒂文·斯皮尔伯格 Steven Spielberg,主演: 泰伊·谢里丹 Tye Sheri...,2018,美国,动作科幻冒险,写给影迷，动漫迷和游戏迷的一封情书。
花样年华/花樣年華/IntheMoodforLove,https://movie.douban.com/subject/1291557/,8.8,655397,导演: 王家卫 Kar Wai Wong,主演: 梁朝伟 Tony Leung Chiu Wai / 张曼玉 Ma...,2000,中国香港,剧情爱情,偷情本没有这样美。
射雕英雄传之东成西就/射鵰英雄傳之東成西就/东成西就/大英雄(日本),https://movie.douban.com/subject/1316510/,8.7,675375,导演: 刘镇伟 Jeffrey Lau,主演: 梁朝伟 Tony Leung Chiu Wai / 林青霞 Bri...,1993,中国香港,喜剧奇幻武侠古装,百看不厌。
七武士/七人の侍/七侠四义(港)/七剑客(港),https://movie.douban.com/subject/1295399/,9.3,212433,导演: 黑泽明 Akira Kurosawa,主演: 三船敏郎 Toshirô Mifune / 志村乔 ...,1954,日本,动作冒险剧情,时代悲歌。
我是山姆/IAmSam/不一样的爸爸(港)/他不笨，他是我爸爸(台),https://movie.douban.com/subject/1306861/,9.0,356226,导演: 杰茜·尼尔森 Jessie Nelson,主演: Sean Penn / Dakota Fanning / Mi...,2001,美国,剧情家庭,爱并不需要智商 。
惊魂记/Psycho/精神病患者/触目惊心(港),https://movie.douban.com/subject/1293181/,9.0,323569,导演: 阿尔弗雷德·希区柯克 Alfred Hitchcock,主演: 安东尼·博金斯 Antho...,1960,美国,悬疑惊悚恐怖,故事的反转与反转，分裂电影的始祖。
血战钢锯岭/HacksawRidge/钢锯岭/钢铁英雄(台),https://movie.douban.com/subject/26325320/,8.7,817076,导演: 梅尔·吉布森 Mel Gibson,主演: 安德鲁·加菲尔德 Andrew Garfield /...,2016,澳大利亚美国,剧情传记历史战争,优秀的战争片不会美化战场，不会粉饰死亡，不会矮化敌人，不会无视常识，最重要的，不会宣扬战争。
阳光姐妹淘/써니/阳光姊妹淘(港)/桑尼,https://movie.douban.com/subject/4917726/,8.8,611207,导演: 姜炯哲 Hyeong-Cheol Kang,主演: 沈恩京 Eun-kyung Shim / 闵孝琳 Hy...,2011,韩国,剧情喜剧,再多各自牛逼的时光，也比不上一起傻逼的岁月。
恐怖直播/더테러라이브/死亡“动”新闻(港)/恐怖攻击直播(台),https://movie.douban.com/subject/21360417/,8.7,689579,导演: 金秉祐 Byeong-woo Kim,主演: 河正宇 Jung-woo Ha / 李璟荣 Kyeong-y...,2013,韩国,剧情犯罪悬疑,恐怖分子的“秋菊打官司”。
你的名字。/君の名は。/你的名字/君之名,https://movie.douban.com/subject/26683290/,8.5,1501588,导演: 新海诚 Makoto Shinkai,主演: 神木隆之介 Ryûnosuke Kamiki / 上...,2016,日本,剧情爱情动画,穿越错位的时空，仰望陨落的星辰，你没留下你的名字，我却无法忘记那句“我爱你”。
黑客帝国3：矩阵革命/TheMatrixRevolutions/22世纪杀人网络3：惊变世纪(港)/骇客任务完结篇：最后战役(台),https://movie.douban.com/subject/1302467/,8.8,470150,导演: 拉娜·沃卓斯基 Lana Wachowski / 莉莉·沃卓斯基 Lilly Wachowski,...,2003,美国,动作科幻,不得不说，《黑客帝国》系列是商业片与科幻、哲学完美结合的典范。
"三块广告牌/ThreeBillboardsOutsideEbbing,Missouri/广告牌杀人事件(港)/意外(台)",https://movie.douban.com/subject/26611804/,8.7,867316,导演: 马丁·麦克唐纳 Martin McDonagh,主演: 弗兰西斯·麦克多蒙德 France...,2017,英国美国,剧情犯罪,怼天怼地，你走后，她与世界为敌。
心迷宫/殡棺/TheCoffinintheMountain,https://movie.douban.com/subject/25917973/,8.8,567039,导演: 忻钰坤 Yukun Xin,主演: 霍卫民 Weimin Huo / 王笑天 Xiaotian Wang ...,2014,中国大陆,剧情犯罪悬疑,荒诞讽刺，千奇百巧，抽丝剥茧，百转千回。
电锯惊魂/Saw/恐惧斗室(港)/夺魂锯(台),https://movie.douban.com/subject/1417598/,8.7,570391,导演: 詹姆斯·温 James Wan,主演: 雷·沃纳尔 Leigh Whannell / 加利·艾...,2004,美国,悬疑惊悚恐怖,真相就在眼前。
达拉斯买家俱乐部/DallasBuyersClub/续命枭雄(港)/药命俱乐部(台),https://movie.douban.com/subject/1793929/,8.8,477794,导演: 让-马克·瓦雷 Jean-Marc Vallée,主演: 马修·麦康纳 Matthew McCon...,2013,美国,剧情传记同性,Jared Leto的腿比女人还美！
小丑/Joker/小丑起源电影：罗密欧/Romeo,https://movie.douban.com/subject/27119724/,8.7,1065048,导演: 托德·菲利普斯 Todd Phillips,主演: 杰昆·菲尼克斯 Joaquin Phoeni...,2019,美国加拿大,剧情犯罪惊悚,
疯狂原始人/TheCroods/古鲁家族(港/台),https://movie.douban.com/subject/1907966/,8.7,878144,导演: 科克·德·米科 Kirk De Micco / 克里斯·桑德斯 Chris Sanders,主演...,2013,美国,喜剧动画冒险,老少皆宜，这就是好莱坞动画的魅力。
谍影重重3/TheBourneUltimatum/叛谍追击3：最后通牒(港)/神鬼认证：最后通牒(台),https://movie.douban.com/subject/1578507/,8.8,441784,导演: 保罗·格林格拉斯 Paul Greengrass,主演: 马特·达蒙 Matt Damon / ...,2007,美国德国法国英国,动作悬疑惊悚,像吃了苏打饼一样干脆的电影。
心灵奇旅/Soul/灵魂奇遇记(港)/灵魂急转弯(台),https://movie.douban.com/subject/24733428/,8.7,1053487,导演: 彼特·道格特 Pete Docter / 凯普·鲍尔斯 Kemp Powers,主演: 杰米·...,2020,美国,动画奇幻音乐,
"背靠背，脸对脸/背对背，脸对脸/BacktoBack,FacetoFace",https://movie.douban.com/subject/1307856/,9.5,153834,导演: 黄建新 Jianxin Huang / 杨亚洲 Yazhou Yang,主演: 牛振华 Zhenhua N...,1994,中国大陆中国香港,剧情,
绿里奇迹/TheGreenMile/绿色奇迹(台)/绿色英里,https://movie.douban.com/subject/1300374/,8.9,358124,导演: 弗兰克·德拉邦特 Frank Darabont,主演: 汤姆·汉克斯 Tom Hanks / ...,1999,美国,犯罪剧情奇幻悬疑,天使暂时离开。
上帝之城/CidadedeDeus/无主之城(港)/无法无天(台),https://movie.douban.com/subject/1292208/,9.0,315543,导演: 费尔南多·梅里尔斯 Fernando Meirelles / 卡迪亚·兰德 Kátia Lund  &nbsp...,,2002,巴西法国,犯罪剧情,被上帝抛弃了的上帝之城。
英雄本色/ABetterTomorrow/GanglandBoss,https://movie.douban.com/subject/1297574/,8.6,571737,导演: 吴宇森 John Woo,主演: 周润发 Yun-Fat Chow / 狄龙 Lung Ti / 张国...,1986,中国香港,剧情动作犯罪,英雄泪短，兄弟情长。
风之谷/風の谷のナウシカ/风谷少女/KazenotaninoNaushika,https://movie.douban.com/subject/1291585/,8.9,373687,导演: 宫崎骏 Hayao Miyazaki,主演: 岛本须美 Sumi Shimamoto / 松田洋治 Y...,1984,日本,动画奇幻冒险,动画片的圣经。
爱在午夜降临前/BeforeMidnight/情约半生(港)/爱在午夜希腊时(台),https://movie.douban.com/subject/10808442/,8.9,434810,导演: 理查德·林克莱特 Richard Linklater,主演: 伊桑·霍克 Ethan Hawke ...,2013,美国希腊,剧情爱情,所谓爱情，就是话唠一路，都不会心生腻烦，彼此嫌弃。
海街日记/海街diary/海街女孩日记(港)/KamakuraDiary,https://movie.douban.com/subject/25895901/,8.8,481926,导演: 是枝裕和 Hirokazu Koreeda,主演: 绫濑遥 Haruka Ayase / 长泽雅美 M...,2015,日本,剧情家庭,是枝裕和的家庭习作。
纵横四海/緃横四海/OnceaThief,https://movie.douban.com/subject/1295409/,8.8,449643,导演: 吴宇森 John Woo,主演: 周润发 Yun-Fat Chow / 张国荣 Leslie Cheung...,1991,中国香港,剧情喜剧动作犯罪,香港浪漫主义警匪动作片的巅峰之作。
疯狂的石头/CrazyStone,https://movie.douban.com/subject/1862151/,8.6,871614,导演: 宁浩 Hao Ning,主演: 郭涛 Tao Guo / 刘桦 Hua Liu / 连晋 Teddy Lin,2006,中国大陆中国香港,喜剧犯罪,中国版《两杆大烟枪》。
无间道2/無間道II/无间道前传/InfernalAffairsII,https://movie.douban.com/subject/1307106/,8.8,520363,导演: 刘伟强 / 麦兆辉,主演: 陈冠希 Edison Chen / 余文乐 Shawn Yue / 曾...,2003,中国香港,剧情犯罪惊悚,
卢旺达饭店/HotelRwanda/卢安达饭店(台),https://movie.douban.com/subject/1291822/,8.9,348243,导演: 特瑞·乔治 Terry George,主演: 唐·钱德尔 Don Cheadle / 苏菲·奥...,2004,英国南非意大利美国,剧情传记历史战争,当这个世界闭上双眼，他却敞开了怀抱。
2001太空漫游/2001:ASpaceOdyssey/2001：星际漫游/2001：太空奥德赛,https://movie.douban.com/subject/1292226/,8.9,360536,导演: 斯坦利·库布里克 Stanley Kubrick,主演: 凯尔·杜拉 Keir Dullea / ...,1968,英国美国,科幻惊悚冒险,现代科幻电影的开山之作，最伟大导演的最伟大影片。
雨中曲/Singin'intheRain/万花嬉春(港/台),https://movie.douban.com/subject/1293460/,9.1,245349,导演: 斯坦利·多南 Stanley Donen / 吉恩·凯利 Gene Kelly,主演: 吉恩·...,1952,美国,喜剧歌舞爱情,骨灰级歌舞片。
记忆碎片/Memento/凶心人(港)/记忆拼图(台),https://movie.douban.com/subject/1304447/,8.7,634823,导演: 克里斯托弗·诺兰 Christopher Nolan,主演: 盖·皮尔斯 Guy Pearce /...,2000,美国,犯罪剧情悬疑惊悚,一个针管引发的血案。
小偷家族/万引き家族/Shoplifters/UneAffairedeFamille,https://movie.douban.com/subject/27622447/,8.7,853704,导演: 是枝裕和 Hirokazu Koreeda,主演: 中川雅也 Lily Franky / 安藤樱 Sa...,2018,日本,剧情犯罪家庭,我们组成了家。
无敌破坏王/Wreck-ItRalph/破坏王拉尔夫/破坏王大冒险,https://movie.douban.com/subject/6534248/,8.7,575016,导演: 瑞奇·莫尔 Rich Moore,主演: 约翰·C·赖利 John C. Reilly / 萨拉...,2012,美国,喜剧动画奇幻冒险,迪士尼和皮克斯拿错剧本的产物。
岁月神偷/歲月神偷/1969太空漫游/EchoesOfTheRainbow,https://movie.douban.com/subject/3792799/,8.7,593001,导演: 罗启锐 Alex Law,主演: 吴君如 Sandra Ng / 任达华 Simon Yam / 钟绍...,2010,中国香港中国大陆,剧情家庭,岁月流逝，来日可追。
荒蛮故事/Relatossalvajes/蛮荒故事/生命中最抓狂的小事(台),https://movie.douban.com/subject/24750126/,8.8,468634,导演: 达米安·斯兹弗隆 Damián Szifron,主演: 达里奥·葛兰帝内提 Darío...,2014,阿根廷西班牙,剧情喜剧犯罪,始于荒诞，止于更荒诞。
忠犬八公物语/ハチ公物語/八千公物语/阿八的故事,https://movie.douban.com/subject/1959195/,9.2,206499,导演: 神山征二郎 Seijirô Kôyama,主演: 仲代达矢 Tatsuya Nakadai /...,1987,日本,剧情,养狗三日，便会对你终其一生。
冰川时代/IceAge/冰河世纪/冰原历险记,https://movie.douban.com/subject/1291578/,8.6,649413,导演: 卡洛斯·沙尔丹哈 Carlos Saldanha / 克里斯·韦奇 Chris Wedge,主演...,2002,美国,喜剧动画冒险,松鼠才是角儿。
牯岭街少年杀人事件/牯嶺街少年殺人事件/ABrighterSummerDay,https://movie.douban.com/subject/1292329/,8.9,331828,导演: 杨德昌 Edward Yang,主演: 张震 Chen Chang / 杨静怡 Lisa Yang / 张...,1991,中国台湾,剧情犯罪,弱者送给弱者的一刀。
恐怖游轮/Triangle/汪洋血迷宮(台)/轮回三角,https://movie.douban.com/subject/3011051/,8.5,924563,导演: 克里斯托弗·史密斯 Christopher Smith,主演: 梅利莎·乔治 Melissa ...,2009,英国澳大利亚,剧情悬疑惊悚,不要企图在重复中寻找已经失去的爱。
爆裂鼓手/Whiplash/鼓动真我(港)/进击的鼓手(台),https://movie.douban.com/subject/25773932/,8.7,625103,导演: 达米恩·查泽雷 Damien Chazelle,主演: 迈尔斯·特勒 Miles Teller /...,2014,美国,剧情音乐,这个世界从不善待努力的人，努力了也不一定会成功，但是知道自己在努力，就是活下去的动力。
东京教父/東京ゴッドファーザーズ/TokyoGodfathers,https://movie.douban.com/subject/1310177/,9.0,257508,导演: 今敏 Satoshi Kon,主演: 江守彻 Toru Emori / 梅垣义明 Yoshiaki Ume...,2003,日本,剧情喜剧动画,
魔女宅急便/魔女の宅急便/魔女琪琪(台)/小魔女限时专送,https://movie.douban.com/subject/1307811/,8.7,491359,导演: 宫崎骏 Hayao Miyazaki,主演: 高山南 Minami Takayama / 佐久间玲 Re...,1989,日本,动画奇幻冒险,宫崎骏的电影总让人感觉世界是美好的，阳光明媚的。
大佛普拉斯/TheGreatBuddha+,https://movie.douban.com/subject/27059130/,8.7,507745,导演: 黄信尧 Hsin-yao Huang,主演: 庄益增 Yizeng Zhuang / 陈竹昇 Chu-sh...,2017,中国台湾,剧情喜剧,人们可以登上月球，却永远无法探索人们内心的宇宙。
遗愿清单/TheBucketList/玩转身前事(港)/一路玩到挂(台),https://movie.douban.com/subject/1867345/,8.7,496970,导演: 罗伯·莱纳 Rob Reiner,主演: 杰克·尼科尔森 Jack Nicholson / 摩根...,2007,美国,冒险喜剧剧情,用剩余不多的时间，去燃烧整个生命。
贫民窟的百万富翁/SlumdogMillionaire/一百万零一夜(港)/贫民百万富翁(台),https://movie.douban.com/subject/2209573/,8.6,775534,导演: 丹尼·鲍尔 Danny Boyle / 洛芙琳·坦丹 Loveleen Tandan,主演: 戴夫...,2008,英国,剧情爱情,上帝之城+猜火车+阿甘正传+开心辞典=山寨富翁
末路狂花/Thelma&Louise/塞尔玛与路易丝/末路狂花,https://movie.douban.com/subject/1291992/,8.9,294948,导演: 雷德利·斯科特 Ridley Scott,主演: 吉娜·戴维斯 Geena Davis / 苏...,1991,美国英国法国,犯罪剧情惊悚,没有了退路，只好飞向自由。
东邪西毒/東邪西毒/AshesofTime,https://movie.douban.com/subject/1292328/,8.6,603163,导演: 王家卫 Kar Wai Wong,主演: 张国荣 Leslie Cheung / 林青霞 Brigitte...,1994,中国香港中国台湾,剧情动作爱情武侠古装,电影诗。
你看起来好像很好吃/おまえうまそうだな/你看起来很好吃(台)/你看上去好像很好吃,https://movie.douban.com/subject/4848115/,8.9,351876,导演: 藤森雅也 Masaya Fujimori,主演: 山口胜平 Kappei Yamaguchi / 爱河...,2010,日本,剧情动画儿童,感情不分食草或者食肉。
可可西里/Kekexili:MountainPatrol,https://movie.douban.com/subject/1308857/,8.9,322189,导演: 陆川 Chuan Lu,主演: 多布杰 Duobujie / 张磊 Lei Zhang / 亓亮 Qi L...,2004,中国大陆中国香港,剧情犯罪,坚硬的信仰。
源代码/SourceCode/启动原始码(台)/危机解密(港),https://movie.douban.com/subject/3075287/,8.5,877046,导演: 邓肯·琼斯 Duncan Jones,主演: 杰克·吉伦哈尔 Jake Gyllenhaal / ...,2011,美国加拿大,科幻悬疑惊悚,邓肯·琼斯继《月球》之后再度奉献出一部精彩绝伦的科幻佳作。
疯狂的麦克斯4：狂暴之路/MadMax:FuryRoad/末日先锋：战甲飞车(港)/疯狂麦斯：愤怒道(台),https://movie.douban.com/subject/3592854/,8.7,579169,导演: 乔治·米勒 George Miller,主演: 汤姆·哈迪 Tom Hardy / 查理兹·塞...,2015,澳大利亚美国,动作科幻冒险,“多么美好的一天！”轰轰轰砰咚，啪哒哒哒轰隆隆，磅~
城市之光/CityLights/CityLights:AComedyRomanceinPantomime/LichterderGroßstadt,https://movie.douban.com/subject/1293908/,9.3,158440,导演: Charles Chaplin,主演: 查理·卓别林 Charles Chaplin / 弗吉尼亚·...,1931,美国,喜剧剧情爱情,永远的小人物，伟大的卓别林。
海边的曼彻斯特/ManchesterbytheSea/情系海边之城(港),https://movie.douban.com/subject/25980443/,8.6,594914,导演: 肯尼斯·罗纳根 Kenneth Lonergan,主演: 卡西·阿弗莱克 Casey Affle...,2016,美国,剧情家庭,我们都有权利不与自己的过去和解。
黑天鹅/BlackSwan/夺命黑天鹅/霸王别鹅(豆友译名),https://movie.douban.com/subject/1978709/,8.6,811207,导演: 达伦·阿罗诺夫斯基 Darren Aronofsky,主演: 娜塔莉·波特曼 Natalie...,2010,美国,剧情惊悚,黑暗之美。
波西米亚狂想曲/BohemianRhapsody/波希米亚狂想曲：摇滚传说(港)/波希米亚狂想曲(台),https://movie.douban.com/subject/5300054/,8.6,647282,导演: 布莱恩·辛格 Bryan Singer,主演: 拉米·马雷克 Rami Malek / 本·哈...,2018,英国美国,剧情传记同性音乐,
真爱至上/LoveActually/真的恋爱了(港)/爱是您，爱是我(台),https://movie.douban.com/subject/1292401/,8.5,768235,导演: 理查德·柯蒂斯 Richard Curtis,主演: 休·格兰特 Hugh Grant / 连姆...,2003,英国美国法国,喜剧剧情爱情,爱，是个动词。
高山下的花环/卫国军魂(港)/WreathsattheFootoftheMountain,https://movie.douban.com/subject/1422283/,9.5,118429,导演: 谢晋 Jin Xie,主演: 吕晓禾 Xiaohe Lü / 唐国强 Guoqiang Tang / 何...,1984(中国大陆)/1985,中国大陆,剧情战争,
芙蓉镇/HibiscusTown,https://movie.douban.com/subject/1297880/,9.3,161196,导演: 谢晋 Jin Xie,主演: 刘晓庆 Xiaoqing Liu / 姜文 Wen Jiang / 郑在石...,1987,中国大陆,剧情爱情,
爱乐之城/LaLaLand/星声梦里人(港)/乐来越爱你(台),https://movie.douban.com/subject/25934014/,8.4,1010451,导演: 达米恩·查泽雷 Damien Chazelle,主演: 瑞恩·高斯林 Ryan Gosling /...,2016,美国,剧情爱情歌舞,
青蛇/GreenSnake,https://movie.douban.com/subject/1303394/,8.6,556253,导演: 徐克 Hark Tsui,主演: 张曼玉 Maggie Cheung / 王祖贤 Joey Wang / ...,1993,中国香港中国大陆,剧情爱情奇幻古装,人生如此，浮生如斯。谁人言，花彼岸，此生情长意短。谁都是不懂爱的罢了。
雨人/RainMan/手足情未了(港)/手足情深,https://movie.douban.com/subject/1291870/,8.7,422909,导演: 巴瑞·莱文森 Barry Levinson,主演: 达斯汀·霍夫曼 Dustin Hoffman ...,1988,美国,剧情,生活在自己的世界里，也可以让周围的人显得可笑和渺小。
初恋这件小事/สิ่งเล็กเล็กที่เรียกว่า...รัก/初恋那件小事(港)/暗恋那点小事,https://movie.douban.com/subject/4739952/,8.5,1012990,导演: 普特鹏·普罗萨卡·那·萨克那卡林 Puttipong Promsaka Na Sakolnakorn / 华森·波克彭...,,2010,泰国,剧情喜剧爱情,黑小鸭速效美白记。
终结者2：审判日/Terminator2:JudgmentDay/未来战士2(港)/魔鬼终结者2(台),https://movie.douban.com/subject/1291844/,8.8,360456,导演: 詹姆斯·卡梅隆 James Cameron,主演: 阿诺·施瓦辛格 Arnold Schwarz...,1991,美国法国,动作科幻,少见的超越首部的续集，动作片中的经典。
人工智能/A.I.ArtificialIntelligence/AI人工智慧,https://movie.douban.com/subject/1302827/,8.7,472529,导演: 史蒂文·斯皮尔伯格 Steven Spielberg,主演: 海利·乔·奥斯蒙 Haley...,2001,美国英国,剧情科幻,对爱的执着，可以超越一切。
虎口脱险/Lagrandevadrouille/横冲直撞出重围(港)/大進擊(台),https://movie.douban.com/subject/1296909/,8.9,275051,导演: 杰拉尔·乌里 Gérard Oury,主演: 路易·德·菲耐斯 Louis de Funès...,1966,法国英国,喜剧战争,永远看不腻的喜剧。
恋恋笔记本/TheNotebook/忘了·忘不了(港)/手札情缘(台),https://movie.douban.com/subject/1309163/,8.5,709992,导演: 尼克·卡索维茨 Nick Cassavetes,主演: 瑞恩·高斯林 Ryan Gosling /...,2004,美国,剧情爱情,爱情没有那么多借口，如果不能圆满，只能说明爱的不够。
花束般的恋爱/花束みたいな恋をした/她和他的恋爱花期(港)/爱如花束恋恋不忘,https://movie.douban.com/subject/34874432/,8.6,713352,导演: 土井裕泰 Nobuhiro Doi,主演: 菅田将晖 Masaki Suda / 有村架纯 Kasu...,2021,日本,剧情爱情,
无耻混蛋/InglouriousBasterds/希魔撞正杀人狂(港)/恶棍特工(台),https://movie.douban.com/subject/1438652/,8.7,512516,导演: 昆汀·塔伦蒂诺 Quentin Tarantino,主演: 布拉德·皮特 Brad Pitt / ...,2009,德国美国,剧情犯罪,昆汀同学越来越变态了，比北野武还杜琪峰。
新龙门客栈/新龍門客棧/NewDragonGateInn,https://movie.douban.com/subject/1292287/,8.7,471948,导演: 李惠民 Raymond Lee,主演: 张曼玉 Maggie Cheung / 林青霞 Brigitte ...,1992,中国香港中国大陆,动作爱情武侠古装,嬉笑怒骂，调风动月。
罗生门/羅生門/Rashomon,https://movie.douban.com/subject/1291879/,8.8,334877,导演: 黑泽明 Akira Kurosawa,主演: 三船敏郎 Toshirô Mifune / 京町子 ...,1950,日本,剧情犯罪悬疑,人生的N种可能性。
崖上的波妞/崖の上のポニョ/悬崖上的金鱼姬/悬崖上的金鱼公主,https://movie.douban.com/subject/1959877/,8.6,534663,导演: 宫崎骏 Hayao Miyazaki,主演: 奈良柚莉爱 Yuria Nara / 土井洋辉 Hir...,2008,日本,动画奇幻冒险,
千钧一发/Gattaca/变种异煞(港)/自然人,https://movie.douban.com/subject/1300117/,8.8,322657,导演: 安德鲁·尼科尔 Andrew Niccol,主演: 伊桑·霍克 Ethan Hawke / 乌玛...,1997,美国,剧情科幻惊悚,一部能引人思考的科幻励志片。
哈利·波特与死亡圣器(上)/HarryPotterandtheDeathlyHallows:Part1/哈利波特7：死神的圣物1(港/台),https://movie.douban.com/subject/2051007/,8.6,624736,导演: 大卫·叶茨 David Yates,主演: 丹尼尔·雷德克里夫 Daniel Radcliffe...,2010,英国美国,奇幻冒险,最忠于原著的一部。
彗星来的那一夜/Coherence/相干性/相干效应,https://movie.douban.com/subject/25807345/,8.6,629758,导演: 詹姆斯·沃德·布柯特 James Ward Byrkit,主演: 艾米丽·芭尔多尼 Em...,2013,美国英国,科幻悬疑惊悚,小成本大魅力。
白日梦想家/TheSecretLifeofWalterMitty/发梦王大历险(港)/白日梦冒险王(台),https://movie.douban.com/subject/2133323/,8.6,560128,导演: 本·斯蒂勒 Ben Stiller,主演: 本·斯蒂勒 Ben Stiller / 克里斯汀·...,2013,美国英国,剧情喜剧冒险,
萤火虫之墓/火垂るの墓/再见萤火虫(港)/萤火挽歌,https://movie.douban.com/subject/1293318/,8.7,420872,导演: 高畑勋 Isao Takahata,主演: 辰己努 / 白石绫乃 / 志乃原良子,1988,日本,动画剧情战争,幸福是生生不息，却难以触及的远。
黑客帝国2：重装上阵/TheMatrixReloaded/22世纪杀人网络2：决战未来(港)/骇客任务：重装上阵(台),https://movie.douban.com/subject/1304141/,8.7,428494,导演: 拉娜·沃卓斯基 Lana Wachowski / 莉莉·沃卓斯基 Lilly Wachowski,...,2003,美国,动作科幻,一个精彩的世界观正在缓缓建立。
奇迹男孩/Wonder/奇迹,https://movie.douban.com/subject/26787574/,8.6,574643,导演: 斯蒂芬·卓博斯基 Stephen Chbosky,主演: 雅各布·特伦布莱 Jacob Tr...,2017,美国中国香港,剧情儿童家庭,世界不完美，爱会有奇迹。
火星救援/TheMartian/火星任务(港)/绝地救援(台),https://movie.douban.com/subject/25864085/,8.5,779138,导演: 雷德利·斯科特 Ridley Scott,主演: 马特·达蒙 Matt Damon / 杰西卡...,2015,英国美国匈牙利约旦,剧情科幻冒险,
二十二/TwentyTwo/22,https://movie.douban.com/subject/26430107/,8.7,302615,导演: 郭柯 Ke Guo,主演: ,2015,中国大陆,纪录片,有一些东西不应该被遗忘。
大红灯笼高高挂/RaiseTheRedLantern/Épousesetconcubines,https://movie.douban.com/subject/1293323/,8.8,319819,导演: 张艺谋 Yimou Zhang,主演: 巩俐 Li Gong / 马精武 Jingwu Ma / 何赛...,1991,中国大陆中国香港中国台湾,剧情,
战争之王/LordofWar/军火之王(台/港),https://movie.douban.com/subject/1419936/,8.7,390759,导演: 安德鲁·尼科尔 Andrew Niccol,主演: 尼古拉斯·凯奇 Nicolas Cage /...,2005,美国德国,剧情犯罪,做一颗让别人需要你的棋子。
哈利·波特与凤凰社/HarryPotterandtheOrderofthePhoenix/哈利波特5：凤凰会的密令(港/台),https://movie.douban.com/subject/1457217/,8.5,620476,导演: 大卫·叶茨 David Yates,主演: 丹尼尔·雷德克里夫 Daniel Radcliffe...,2007,英国美国,奇幻冒险,
血钻/BloodDiamond/血钻石(台)/血腥钻石,https://movie.douban.com/subject/1428175/,8.7,400428,导演: 爱德华·兹威克 Edward Zwick,主演: 莱昂纳多·迪卡普里奥 Leonardo ...,2006,美国德国英国,剧情惊悚冒险,每个美丽事物背后都是滴血的现实。
千年女优/千年女優/MillenniumActress,https://movie.douban.com/subject/1307394/,8.8,292588,导演: 今敏 Satoshi Kon,主演: 庄司美代子 Miyoko Shôji / 小山茉美 Mam...,2001,日本,动画剧情爱情,爱情是一场没有尽头的虚幻追逐。
步履不停/歩いても歩いても/横山家之味(港/台),https://movie.douban.com/subject/2222996/,8.8,298647,导演: 是枝裕和 Hirokazu Koreeda,主演: 阿部宽 Hiroshi Abe / 夏川结衣 Yu...,2008,日本,剧情家庭,日本的家庭电影已经是世界巅峰了，步履不停是巅峰中的佳作。
谍影重重2/TheBourneSupremacy/叛谍追击2：机密圈套(港)/神鬼认证：神鬼疑云(台),https://movie.douban.com/subject/1308767/,8.7,373544,导演: 保罗·格林格拉斯 Paul Greengrass,主演: 马特·达蒙 Matt Damon / ...,2004,美国德国,动作悬疑惊悚,谁说王家卫镜头很晃？
房间/Room/不存在的房间(台)/抖室(港),https://movie.douban.com/subject/25724855/,8.8,383586,导演: 伦尼·阿伯拉罕森 Lenny Abrahamson,主演: 布丽·拉尔森 Brie Larson...,2015,爱尔兰加拿大英国美国,剧情家庭,被偷走的岁月，被伤害的生命，被禁锢的灵魂，终将被希望和善意救赎。
魂断蓝桥/WaterlooBridge/滑铁卢桥/断桥残梦,https://movie.douban.com/subject/1293964/,8.8,293898,导演: 茂文·勒鲁瓦 Mervyn LeRoy,主演: 费雯·丽 Vivien Leigh / 罗伯特·...,1940,美国,剧情爱情战争,中国式内在的美国电影。
蜘蛛侠：平行宇宙/Spider-Man:IntotheSpider-Verse/蜘蛛侠：新纪元/蜘蛛人：新宇宙(台),https://movie.douban.com/subject/26374197/,8.6,710869,导演: 鲍勃·佩尔西凯蒂 Bob Persichetti / 彼得·拉姆齐 Peter Ramsey,主...,2018,美国,动作科幻动画冒险,
弱点/TheBlindSide/守护有心人(港)/攻其不备(台),https://movie.douban.com/subject/3552028/,8.7,333181,导演: 约翰·李·汉考克 John Lee Hancock,主演: 桑德拉·布洛克 Sandra Bu...,2009,美国,剧情家庭传记运动,拍掉身上的悲伤，从今天开始重新踏上追梦之旅。
谍影重重/TheBourneIdentity/叛谍追击(港)/神鬼认证(台),https://movie.douban.com/subject/1304102/,8.6,454343,导演: 道格·里曼 Doug Liman,主演: 马特·达蒙 Matt Damon / 弗兰卡·波坦...,2002,美国德国捷克,动作悬疑惊悚,哗啦啦啦啦，天在下雨，哗啦啦啦啦，云在哭泣……找自己。
朗读者/TheReader/为爱朗读(台)/读爱(港),https://movie.douban.com/subject/2213597/,8.6,470688,导演: 史蒂芬·戴德利 Stephen Daldry,主演: 凯特·温丝莱特 Kate Winslet ...,2008,美国德国,剧情爱情,当爱情跨越年龄的界限，它似乎能变得更久远一点，成为一种责任，一种水到渠成的相濡以沫。
阿飞正传/阿飛正傳/DaysofBeingWild,https://movie.douban.com/subject/1305690/,8.5,539729,导演: 王家卫 Kar Wai Wong,主演: 张国荣 Leslie Cheung / 张曼玉 Maggie C...,1990,中国香港,犯罪剧情爱情,王家卫是一种风格，张国荣是一个代表。
隐藏人物/HiddenFigures/NASA无名英雌(港)/关键少数(台),https://movie.douban.com/subject/26615208/,8.9,239923,导演: 特奥多尔·梅尔菲 Theodore Melfi,主演: 塔拉吉·P·汉森 Taraji P. ...,2016,美国,剧情传记历史,
冰雪奇缘/Frozen/魔雪奇缘(港)/冰雪大冒险,https://movie.douban.com/subject/4202982/,8.5,744008,导演: 克里斯·巴克 Chris Buck / 珍妮弗·李 Jennifer Lee,主演: 克里斯汀...,2013,美国,喜剧动画奇幻歌舞,
